 Bama Services  ,"101 Hartley St, Cairns City QLD 4870 "
 Mb Construction  ,"10-12 Hannam St, Cairns City QLD 4870 "
 E-WASTE RECYCLING CAIRNS  ,"109 Hartley St, Portsmith QLD 4870 "
 Johnson Controls  ,"11 Donaldson St, Manunda QLD 4870 "
 Ontrack Civil Contracting  ,"11 Morrison St, Portsmith QLD 4870 "
 Erscon Consulting Engineers  ,"11/320 Sheridan St, Cairns City QLD 4870 "
 Greenfield Energy  ,"11/452 Sheridan St, Cairns North QLD 4870 "
 Reef Engineering  ,"111 Draper St, Portsmith QLD 4870 "
 Mal Engineers Pty Ltd  ,"112 Mulgrave Rd, Parramatta Park QLD 4870 "
 Genesis Engineering  ,"113 Oshea Esplanade, Machans Beach QLD 4878 "
 Cairns Excel Electrics  ,"115 Brown St, Bungalow QLD 4870 "
 CIE (Cristaudo's Industrial Electrics) Pty Ltd  ,"115 Newell St, Bungalow QLD 4870 "
 OceanBlue Living  ,"116 Lyons St, Bungalow QLD 4870 "
 National Security Training Academy PTY LTD  ,"117 Anderson St, Manunda QLD 4870 "
 North Coast Engineering & Mechanical  ,"117 Hartley St, Portsmith QLD 4870 "
 Alsco North Queensland  ,"118-126 Lyons St, Cairns City QLD 4870 "
 Creative Metalwork  ,"119 Brown St, Westcourt QLD 4870 "
 Eco Springs Cairns  ,"12 Boden St, Cairns City QLD 4870 "
 North Queensland Switchboards  ,"12 Vickers St, Edmonton QLD 4869 "
 Leary Builders Pty Ltd.  ,"12/20 Toogood Rd, Woree QLD 4868 "
 Perrott Engineering  ,"120 Kenny St, Portsmith QLD 4870 "
 Gridline Electrical & Airconditioning  ,"12-14 Victoria St, Cairns City QLD 4870 "
 Orange Fabrication  ,"122 Buchan St, Bungalow QLD 4870 "
 Rodgers Consulting Engineers  ,"124 Spence St, Cairns City QLD 4870 "
InStyle Maintenance  ,"125 Martyn St, Parramatta Park QLD 4870 "
 ESM Business Consultants  ,"127 Abbott St, Cairns City QLD 4870 "
 Premier Sheetmetal  ,"127 Anderson St, Manunda QLD 4870 "
 Skilltech Consulting Services Pty Ltd  ,"129 Sheridan St, Cairns City QLD 4870 "
 New South Resources  ,"13/15 Lake St, Cairns City QLD 4870 "
 Midas Management Consultants Pty Ltd  ,"130 Abbott St, Cairns City QLD 4870 "
 Neater Homes - Cairns Home Builder  ,"138 McLeod St, Cairns City QLD 4870 "
 Hedley Homes  ,"14 Adelaide St, Manunda QLD 4870 "
 Formosa Construction & Fabrication  ,"14 Barry St, Bungalow QLD 4870 "
 INmarketing - INmedia International  ,"14 Eureka St, Manunda QLD 4870 "
 Cooper Norman Security and Electrical  ,"14 Windamere Cl, Brinsmead QLD 4870 "
 Ericks & Fredericks International Consulting,"141-143 Abbott St, Cairns City QLD 4870 "
 BRI Ferrier - Cairns  ,"14-16 McLeod St, Cairns City QLD 4870 "
 English Engineering  ,"144-146 Newell St, Bungalow QLD 4870 "
 Boutique Construction Group  ,"147 Sheridan St, Cairns City QLD 4870 "
 Elefantus  ,"148 Scott St, Bungalow QLD 4870 "
 Eagle Security and Protective Services  ,"149-155 Newell St, Bungalow QLD 4870 "
 CAD Impresa  ,"15 Caesar Cl, Mooroobool QLD 4870 "
 Cairns Cabling  ,"15 Old Smithfield Rd, Freshwater QLD 4870 "
 Suncoast Fabrication  ,"15 Ponzo St, Woree QLD 4868 "
 i-LEC Solutions  ,"15 Redden St, Portsmith QLD 4870 "
 Crossweld Fabrications Pty Ltd  ,"151 Brown St, Bungalow QLD 4870 "
 RV Fabrications Cairns Pty Ltd  ,"16 Industrial Ave, Stratford QLD 4870 "
 Samark North Queensland  ,"16 Ponzo St, Woree QLD 4868 "
 FNQ Custom Sheet Metal  ,"16/202 McCormack St, Manunda QLD 4870 "
 Freedom Constructions  ,"160 Buchan St, Bungalow QLD 4870 "
 Heightened Security Solutions  ,"166-168 Lake St, Cairns North QLD 4870 "
 Elite Security Personnel  ,"16a Scott St, Cairns City QLD 4870 "
 Rob's Rubbish Removals Cairns  ,"17 Solager St, Manoora QLD 4870 "
 Cairns Security Monitoring Pty Ltd,"17 Winkworth St, Bungalow QLD 4870 "
 Nomad Stainless Steel  ,"170 Newell St, Bungalow QLD 4870 "
 Winters Electrical Group  ,"170-182 Mayers St, Cairns City QLD 4870 "
 Better Bobcat and Truck Hire  ,"174-180 Grafton St, Cairns City QLD 4870 "
 General Engineering Cairns  ,"177-179 Scott St, Bungalow QLD 4870 "
 Spire Build Cairns  ,"18 Canopy Wy, Palm Cove QLD 4879 "
 Southern Cross Electrics & Air Conditioning  ,"18 Jules St, Kewarra Beach QLD 4879 "
 Aktiv Engineering  ,"181 Harvey Rd, Redlynch QLD 4870 "
 Cashcor Engineering  ,"18-24 Knight St, Portsmith QLD 4870 "
 HEH Civil Construction Company  ,"186 Mulgrave Rd, Cairns City QLD 4870 "
 Allaro Homes Cairns Pty Ltd  ,"189 Aumuller St, Bungalow QLD 4870 "
 Chris Hollis Constructions Pty Ltd  ,"19 Moore Rd, Kewarra Beach QLD 4879 "
 Cairns Plaza  ,"193 Swallow St, Mooroobool QLD 4870 "
 GP Engineering PTY Ltd.  ,"2 Knight St, Portsmith QLD 4870 "
 PSE Fabrication  ,"2/275 McCormack St, Manunda QLD 4870 "
 Auspower Electrical  ,"2/5 Bramp Cl, Portsmith QLD 4870 "
 Cms Stainless Solutions  ,"2/5 Walters St, Cairns City QLD 4870 "
 Terranovus Earthworks and Plant Hire  ,"2/82 Grafton St, Cairns City QLD 4870 "
 Total Solar Management  ,"2/90 Aumuller St, Portsmith QLD 4870 "
 Carlson WG & ES ,"20/223 Hartley Street, Cairns City QLD 4870 "
 Super Global Services  ,"20/4-16 Tingira St, Portsmith QLD 4870 "
 Vis Constructions PTY Ltd.  ,"206 McCormack St, Manunda QLD 4870 "
 Queensland Security Providers  ,"206 Spence St, Bungalow QLD 4870 "
 CMG Consulting Engineers PTY Ltd.  ,"208 Buchan St, Westcourt QLD 4870 "
 TMH Welding & Fabrications  ,"208 Jensen St, Cairns City QLD 4870 "
 Liam Dunne & Sons Plumbing Contracting  ,"21 Centaur St, Trinity Park QLD 4869 "
 Trinity Engineering and Consulting  ,"21 Sheridan St, Cairns City QLD 4870 "
 I.Power Solutions  ,"21 Tingira St, Portsmith QLD 4870 "
 Integral Electrics Qld  ,"21-29 Giffin Rd, White Rock QLD 4868 "
 Light Fleet Safety Solutions  ,"221 Scott St, Bungalow QLD 4870 "
 Wedmaier Homes  ,"223 Hartley St, Portsmith QLD 4870 "
 Semrau Constructions  ,"23 Barcoo Cl, Bentley Park QLD 4869 "
 ELH Construction  ,"23 Prior St, Machans Beach QLD 4878 "
 Protection Plus Security Cairns  ,"230 Draper St, Parramatta Park QLD 4870 "
 Cairns and Cape Construction  ,"23-27 Atticus St, Cairns City QLD 4870 "
 Reece Civil  ,"236-240 McCormack St, Manunda QLD 4870 "
 WIP Construction  ,"24 Magazine St, Cairns City QLD 4870 "
 J.M. Switchboards Pty Ltd  ,"242/244 Hartley St, Cairns City QLD 4870 "
 Facilities First  ,"25 Anderson St, Manunda QLD 4870 "
 Cairns Tactiles TGSI  ,"25-27 Supply Rd, Bentley Park QLD 4869 "
 Carrison Consulting Engineers Pty Ltd  ,"25-27 Watervale Cl, Redlynch QLD 4870 "
 Cheshire Contractors Pty Ltd  ,"25-29 Knight St, Portsmith QLD 4870 "
 North Queensland Recycling Agents  ,"27 Federation St, Bungalow QLD 4870 "
 Liam Gilligan Builders  ,"270 Buchan St, Westcourt QLD 4870 "
 Northern Civil Earthworks  ,"28/78 Grafton St, Cairns City QLD 4870 "
 Replenishable Energy ,"29 Hartley St, Portsmith QLD 4870 "
 Enigma Electrical Pty Ltd  ,"3 Doyle St, Bungalow QLD 4870 "
 Complete solar automation solutions  ,"3 Mintaro Cres, Woree QLD 4868 "
 Cairns Spring Works & Engineering  ,"3 Redden St, Portsmith QLD 4870 "
 JM Metal Fabrication  ,"3 Ridley Cl, Edmonton QLD 4869 "
 McClintock Engineering Group  ,"3 Scott St, Cairns City QLD 4870 "
 Mac Contructions  ,"3 Scott St, Parramatta Park QLD 4870 "
 Develop north  ,"3/150 Lyons St, Bungalow QLD 4870 "
 JAMES CONSTRUCTION INTERNATIONAL  ,"3/18 Salvado Dr, Smithfield QLD 4870 "
 East Coast Energy Solutions  ,"3/200 Spence St, Cairns City QLD 4870 "
 Integrity New Homes Cairns  ,"3/31 Anderson St, Manunda QLD 4870 "
 Southside Electrical Cairns  ,"3/52 Supply Rd, Bentley Park QLD 4869 "
 Five Rivers Construction -,"300 Draper St, Parramatta Park QLD 4870 "
 Fair Dinkum Sheds Cairns  ,"311-313 Mulgrave Rd, Bungalow QLD 4870 "
 Bestruct  ,"315 McLeod St, Cairns North QLD 4870 "
 Bryant Building Contractors  ,"32 Minnie St, Cairns City QLD 4870 "
 Andys Sheetmetal  ,"33 Supply Rd, Bentley Park QLD 4869 "
 David's Group  ,"34 Esplanade, Cairns City QLD 4870 "
 DFK Kidsons  ,"345 Sheridan St, Cairns North QLD 4870 "
 Prime Constructions (Aust)  ,"36 Moffat St, Cairns North QLD 4870 "
 Unlocked Air and Energy  ,"36b Leonard St, Kewarra Beach QLD 4870 "
 A1 Dial A Guard security services  ,"37 Pease St, Cairns City QLD 4870 "
 Consolidated Tin Mines Limited  ,"395 Lake St, Cairns North QLD 4870 "
 Duce Constructions Pty Ltd  ,"4 Sorrento St, Woree QLD 4868 "
 Cool Build  ,"4/9 Grantala St, Manoora QLD 4870 "
 Image Landscapes Design & Construction  ,"40 Satellite St, Clifton Beach QLD 4879 "
 Dati Electrical Pty Ltd  ,"4-16 Tingira St, Portsmith QLD 4870 "
 ARO Industries  ,"44 McLeod St, Cairns City QLD 4870 "
 Lethal Welding & Fabrication  ,"468-470 Sheridan St, Cairns City QLD 4870 "
 Keadeen Electrical  ,"5 Clarke St, Manunda QLD 4870 "
 MiHaven  ,"5 Palm Ave, Parramatta Park QLD 4870 "
 H.C Building & Construction  ,"5 Vickers St, Edmonton QLD 4869 "
 TSW Security Solutions  ,"5/113 Sheridan St, Cairns City QLD 4870 "
 AIR FLEET MANAGEMENT  ,"5/132 Collins Ave, Cairns City QLD 4870 "
 FGF Developments Pty Ltd  ,"5/2 James St, Cairns City QLD 4870 "
 Field Construct  ,"5/34 Magazine St, Stratford QLD 4870 "
 Maddocks & Associates PTY LTD  ,"5/520 Mulgrave Rd, Earlville QLD 4870 "
 QCC Corp  ,"53 Grafton St, Cairns City QLD 4870 "
 MyStyle Homes  ,"55 Anderson St, Manunda QLD 4870 "
 McKenna Group Contractors Pty Ltd  ,"550 Mulgrave Rd, Woree QLD 4868 "
 Gillespie Plant Hire  ,"56 Cairns St, Cairns North QLD 4870 "
 Boscon Constructions Pty Ltd  ,"57 Scott St, Bungalow QLD 4870 "
 Rapid Rubbish Removal FNQ  ,"59 Carnation Dr, Mooroobool QLD 4870 "
 ADJ ELECTRONICS  ,"6 Jade Cres, Caravonica QLD 4878 "
 D&R Lavis Waste Disposal  ,"6 Liberty St, Portsmith QLD 4870 "
 Buzzed Electrical + Air  ,"6 Mills Cl, Manoora QLD 4870 "
 Ross Argent Structural Engineer  ,"6/155 Mulgrave Rd, Bungalow QLD 4870 "
 CIVFORM  ,"64 Swallow Rd, Edmonton QLD 4869 "
 Mainline Boring Pty Ltd  ,"65 Nelson St, Cairns City QLD 4870 "
 Unique Constructions  ,"68 Argentea Blvd, Palm Cove QLD 4878 "
 SJ Lloyd Construction  ,"6-8 James Cook Dr, Kewarra Beach QLD 4879 "
 Mick Newport Contracting  ,"7 Bollard St, Portsmith QLD 4870 "
 Australian Sustainable Energy Pty  ,"7 Industrial Ave, Stratford QLD 4870 "
 Triple S Earthmoving & Pipelaying,"7 Redden St, Cairns City QLD 4870 "
 Nordig Pty Ltd.  ,"7 Southgate Cl, Woree QLD 4868 "
 HPS Contractors  ,"71 Aumuller St, Portsmith QLD 4870 "
 Far North Fabrication  ,"72 Cook St, Portsmith QLD 4870 "
 Maxitool Mining  ,"74 Swallow Rd, Edmonton QLD 4869 "
 Tropical Skips - Skip Bin Hire Cairns -  ,"76 Lower Freshwater Rd, Freshwater QLD 4870 "
 NQEA  ,"76/78 Cook St, Portsmith QLD 4870 "
 Jackson & Jackson Metal Industries  ,"77 Buchan St, Portsmith QLD 4870 "
 Sequal Consulting Group Pty Ltd  ,"78 Mulgrave Rd, Bungalow QLD 4870 "
 Reef City Maintenance & Construction  ,"8 Commercial Pl, Earlville QLD 4870 "
 DNC Metal Works  ,"8 Federation St, Bungalow QLD 4870 "
 Kingsleys Earthmoving Contractors  ,"8 Gosper Cl, Edmonton QLD 4869 "
 Valour Security  ,"8 Mount Koolmoon St, Smithfield QLD 4878 "
 N.B. Prop Works  ,"8 Svendsen St, Bungalow QLD 4870 "
 Electrical Installation Specialists  ,"8/136 Aumuller St, Bungalow QLD 4870 "
 Solarcore  ,"8/3 Donaldson St, Manunda QLD 4870 "
 PASMA ELECTRICAL  ,"8/4 Tingira St, Portsmith QLD 4870 "
 Australian Infrastructure Manufacturing  ,"87-91 Kenny St, Portsmith QLD 4870 "
 Kirby Cairns  ,"88/90 Buchan St, Cairns City QLD 4870 "
 Lazco Fabrications  ,"8A Redden St, Portsmith QLD 4870 "
 Alchemy All Metal Fabricators  ,"9 Owen Cl, Portsmith QLD 4870 "
 Cairns Mining Australia Ltd  ,"90 Magazine St, Stratford QLD 4870 "
 Black & More  ,"93 Digger St, Cairns North QLD 4870 "
 Phil Kelly Builders  ,"97 Moore Rd, Kewarra Beach QLD 4879 "
 Probis Advisory (QLD) Pty Ltd  ,"a/141 Abbott St, Cairns City QLD 4870 "
 Do4U Construction Services  ,"Boland Centre, 14 Spence St, Cairns City QLD 4870 "
 wildPLAN  ,"Boland's Centre, 14 Spence St, Cairns City QLD 4870 "
 Civil Infrastructure Services  ,"c7/21 Lake St, Cairns City QLD 4870 "
 Total Safety Services  ,"Cnr Water and Minnie Streets, 30 Minnie Street, Cairns City QLD 4870 "
 Precision Electrics  ,"Gelling St, Cairns North QLD 4870 "
 Harris Kmon Solutions  ,"Ground Floor, 25 Howe St, Cairns North QLD 4870 "
 Integrated Medical Services  ,"Level 1, Wallamurra Towers, 189-191 Abbott Street, Cairns City QLD 4870 "
 Archers the Strata Professionals  ,"level 1/26 Florence St, Cairns City QLD 4870 "
 Arup  ,"Level 10/15 Lake St, Cairns City QLD 4870 "
 Paynters Pty Ltd  ,"office 5 level 2/26 Florence St, Cairns City QLD 4870 "
 Cairns Powder Coating  ,"Shed 2 Cnr Toohey &, Palmer St, Portsmith QLD 4870 "
 Intrust Energy Solutions  ,"Shed 2B/49-55 Cook St, Portsmith QLD 4870 "
 Ground Level Fab.  ,"Shed 3/61 Hargreaves St, Edmonton QLD 4869 "
 Cairns Sheetmetal  ,"Shed 7/36 Buchan St, Portsmith QLD 4870 "
 Boyd's Fabrications  ,"Shed, 9 Palmer St, Portsmith QLD 4870 "
 James McPeake Town Planning  ,"Suite 2 level 2/82 Grafton St, Cairns City QLD 4870 "
 Kleinhardt Business Consutants ,"Suite 27, The Pentagon Building, 25 Grafton Street, Cairns City QLD 4870 "
 Complete Business Solutions (QLD) Pty Ltd  ,"Suite 4/59 McLeod St, Cairns City QLD 4870 "
 Thirkell  ,"Suite 6/36-38 Grafton St, Cairns City QLD 4870 "
